,Run_Time,Train_RMSE,Validation_RMSE,delta%
XGB_25_1_0.01,0.9273531436920166,14.2190573537032,2.356042279728527,-83.43039048847412
XGB_25_1_0.05,0.9938969612121582,6.095244981800074,4.444543966960803,-27.081782926988748
XGB_25_1_0.1,1.254685878753662,2.69143490875201,5.100874658461617,89.52249753001972
XGB_25_1_0.2,1.0093517303466797,1.1466525590161212,2.940164443427172,156.41284452807253
XGB_25_1_0.5,0.8475098609924316,1.25673253663342,1.1173943092423293,-11.087341445328933
XGB_25_1_0.7,0.9890527725219727,1.348173465576084,1.0609440527779004,-21.305078325024624
XGB_25_2_0.01,1.175001859664917,13.96929003781664,2.7527707223886497,-80.29412579353317
XGB_25_2_0.05,1.0848822593688965,5.205619294195546,2.369099460690742,-54.48957507644915
XGB_25_2_0.1,1.2899048328399658,1.5894261268876417,1.8571313455110139,16.842885246109745
XGB_25_2_0.2,1.4177775382995605,0.5912598589937695,0.49676296866457736,-15.982294230156413
XGB_25_2_0.5,0.9120984077453613,0.6618141840847989,0.5635599870170548,-14.846190884170394
XGB_25_2_0.7,0.9290511608123779,0.6167384742695806,0.5203116561232408,-15.634960711757213
XGB_25_3_0.01,1.1469767093658447,13.911231605724963,3.039088265442556,-78.15370808583285
XGB_25_3_0.05,1.1499691009521484,5.031378149398806,1.4419723764566965,-71.34040945364053
XGB_25_3_0.1,1.3703982830047607,1.413765482598641,0.7265783846482273,-48.6068663019906
XGB_25_3_0.2,1.1798985004425049,0.5120757397730329,0.37207190596177314,-27.340454338515155
XGB_25_3_0.5,1.2462184429168701,0.5193828681954986,0.35404632294403177,-31.833268938172456
XGB_25_3_0.7,1.2711591720581055,0.5090602430712271,0.4288921699039287,-15.748248710925434
XGB_25_4_0.01,1.5608413219451904,13.89506495821493,3.08660740984911,-77.78630456834048
XGB_25_4_0.05,1.4770524501800537,4.990202699396951,1.125004248933126,-77.4557404437884
XGB_25_4_0.1,1.379312515258789,1.3802819154424415,0.4385029995672982,-68.23091031901707
XGB_25_4_0.2,1.4002571105957031,0.48234564672301733,0.3442794409716489,-28.62391454952877
XGB_25_4_0.5,1.4112272262573242,0.48639284457129567,0.4278772736680239,-12.03051639356395
XGB_25_4_0.7,1.3414132595062256,0.47760665864667107,0.575574453572429,20.512233896268512
XGB_25_5_0.01,1.605708360671997,13.891712641131058,3.064030548437633,-77.9434643690689
XGB_25_5_0.05,1.7144157886505127,4.982780477189756,1.0954757911456199,-78.01476914023196
XGB_25_5_0.1,1.6795110702514648,1.3729738953108606,0.38839900196740584,-71.7111153173479
XGB_25_5_0.2,1.635627031326294,0.4641411378073635,0.3428538288907236,-26.131557631286462
XGB_25_5_0.5,1.6864919662475586,0.4569709162121967,0.3916237834811559,-14.300063836162508
XGB_25_5_0.7,1.6864914894104004,0.4564868115900307,0.45871236560229733,0.4875396081027229
XGB_50_1_0.01,1.0152859687805176,11.410079669190864,2.4368617260072813,-78.64290349709636
XGB_50_1_0.05,1.024261474609375,2.770340354389234,4.891539453554208,76.5681767514312
XGB_50_1_0.1,1.1289823055267334,1.1299627321800978,2.894332592044465,156.14407534134102
XGB_50_1_0.2,1.1220014095306396,0.7265374206597703,0.7083459189809163,-2.5038630030004976
XGB_50_1_0.5,1.063157320022583,1.0511399761466975,0.645085858954128,-38.62988054941034
XGB_50_1_0.7,0.9853651523590088,1.053733567273413,0.8150726743132372,-22.649073767074015
XGB_50_2_0.01,1.3932750225067139,10.949966878270684,2.2612750079204758,-79.3490242202669
XGB_50_2_0.05,1.494006633758545,1.6715903412781399,1.8393325953662778,10.034890125045708
XGB_50_2_0.1,1.4551098346710205,0.5389310103108625,0.5335235155253606,-1.0033742134049475
XGB_50_2_0.2,1.4620916843414307,0.5569289275549658,0.37885679254722493,-31.97394249020512
XGB_50_2_0.5,1.506971836090088,0.5603843190795849,0.46111337927740675,-17.714796153687484
XGB_50_2_0.7,1.4720642566680908,0.539295717228624,0.43766505773734804,-18.845070755158922
XGB_50_3_0.01,2.1971263885498047,10.846575582407318,2.4488753464939763,-77.42259455172243
XGB_50_3_0.05,2.5761139392852783,1.4989822112871038,0.7130963067359543,-52.42796736569323
XGB_50_3_0.1,2.52125883102417,0.4961256213169196,0.3489398908688571,-29.667028696758607
XGB_50_3_0.2,2.05051851272583,0.49349698474597065,0.36699242930072756,-25.634311729454996
XGB_50_3_0.5,1.938816785812378,0.4806259242571655,0.5027916055127855,4.611836386037285
XGB_50_3_0.7,1.8839643001556396,0.48129260127012147,0.6676132901040122,38.712560372254664
XGB_50_4_0.01,2.4025774002075195,10.819223101226351,2.4145172268880235,-77.68308126842916
XGB_50_4_0.05,2.43648624420166,1.4663694788607164,0.4311333599718548,-70.59858608712858
XGB_50_4_0.1,2.4863531589508057,0.4813447147650125,0.3240543740606977,-32.677275947883274
XGB_50_4_0.2,2.43249773979187,0.4622672118308439,0.4906736696885731,6.145029785959362
XGB_50_4_0.5,2.5062994956970215,0.4560669306494164,0.4367089634387048,-4.244545243205162
XGB_50_4_0.7,2.417537212371826,0.4505983611293243,0.5360355405168356,18.960827814238392
XGB_50_5_0.01,3.00895619392395,10.813698851081872,2.3811503699729726,-77.98024151805608
XGB_50_5_0.05,2.9132120609283447,1.4595640333927058,0.3977943820758335,-72.745671106243
XGB_50_5_0.1,3.0169355869293213,0.46688639173129354,0.31295556937327496,-32.96965280723156
XGB_50_5_0.2,2.9610838890075684,0.44312182635693925,0.3508556387673826,-20.821855774541618
XGB_50_5_0.5,3.095723867416382,0.4296655276989973,0.40112330993073814,-6.642892186653253
XGB_50_5_0.7,2.9241831302642822,0.42240367409104007,0.47526202285994257,12.513704783143059
XGB_75_1_0.01,1.3902840614318848,9.228440854218395,3.2237507045669744,-65.06722256237497
XGB_75_1_0.05,1.4371583461761475,1.6522439381867255,4.036658244286585,144.31369672426595
XGB_75_1_0.1,1.3234612941741943,0.7302179868887568,1.4329934752844558,96.24187585271868
XGB_75_1_0.2,1.819136619567871,0.691486361415365,0.4449242204943486,-35.65683355147339
XGB_75_1_0.5,1.3982627391815186,0.9463304782616114,0.6574516233639088,-30.526212727330392
XGB_75_1_0.7,1.311493158340454,0.8985358835411532,0.7655780953017007,-14.797159543084957
XGB_75_2_0.01,1.9567689895629883,8.597146670865857,2.216308545671447,-74.22041718583088
XGB_75_2_0.05,2.0684702396392822,0.7356554840811603,1.004805859946621,36.586470391317974
XGB_75_2_0.1,2.032567024230957,0.5015877652209525,0.36771493201579797,-26.68981232948988
XGB_75_2_0.2,2.075451374053955,0.5406082917664418,0.366358572419858,-32.232158107901284
XGB_75_2_0.5,1.967740774154663,0.5234938534022617,0.4047478298348723,-22.68336539113917
XGB_75_2_0.7,1.9607574939727783,0.505229053824241,0.6033355073066764,19.418212935268894
XGB_75_3_0.01,2.7855536937713623,8.46119598962031,2.0410005564881546,-75.87810802406737
XGB_75_3_0.05,2.703772783279419,0.6325495666514721,0.4176178605576912,-33.97863462804425
XGB_75_3_0.1,2.7277069091796875,0.47644385377797366,0.3377990056494869,-29.099934237601957
XGB_75_3_0.2,2.6838252544403076,0.4860925996175009,0.3711621743984513,-23.64373070264527
XGB_75_3_0.5,2.729703426361084,0.4669075493077761,0.48821149338819714,4.562775674114853
XGB_75_3_0.7,2.687814712524414,0.46329975371446674,0.6985960108258474,50.78704558440033
XGB_75_4_0.01,3.4717183113098145,8.42663950074398,1.885598717662,-77.6233608012361
XGB_75_4_0.05,3.581427812576294,0.6162084065890796,0.32643302894721316,-47.025547613975355
XGB_75_4_0.1,3.4757065773010254,0.46185857884835585,0.3733209406763996,-19.169858962612498
XGB_75_4_0.2,3.701106548309326,0.45633563539023453,0.5009527476179774,9.777257958298303
XGB_75_4_0.5,3.556492805480957,0.43972189926853233,0.42660558282810834,-2.982866321245927
XGB_75_4_0.7,3.52756929397583,0.4328268460689639,0.5484457451710849,26.712506433507837
XGB_75_5_0.01,4.313469171524048,8.419875180000195,1.8502054086904491,-78.02573827833862
XGB_75_5_0.05,4.4361419677734375,0.6046396835485722,0.3115780035760898,-48.46881340181505
XGB_75_5_0.1,4.4570841789245605,0.44703885734148074,0.31339260852774214,-29.895890842359123
XGB_75_5_0.2,4.455090522766113,0.4337695793127333,0.3598716195265555,-17.036224601840935
XGB_75_5_0.5,4.733346700668335,0.4077389441596647,0.4102891659235093,0.625454546437912
XGB_75_5_0.7,4.726364374160767,0.3968617017320789,0.509475711058153,28.376134264046414
XGB_100_1_0.01,1.7194032669067383,7.531963424127497,3.936382572517037,-47.73763027171062
XGB_100_1_0.05,1.6535801887512207,1.1465764381141357,3.002947097136173,161.90553000333375
XGB_100_1_0.1,1.7592968940734863,0.59827624915589,0.789685239993626,31.99341292718802
XGB_100_1_0.2,1.6984591484069824,0.6778513478771225,0.42277721028407766,-37.62980458648928
XGB_100_1_0.5,1.6974618434906006,0.8744714958855647,0.6249669890998444,-28.532034258366615
XGB_100_1_0.7,1.6825025081634521,0.8054661353755965,0.7514883744632131,-6.701431449655303
XGB_100_2_0.01,2.6489179134368896,6.763058439410821,2.3247674890762,-65.62550050537892
XGB_100_2_0.05,2.5013136863708496,0.5319138959472623,0.5525862721451303,3.8864140146317205
XGB_100_2_0.1,2.675847053527832,0.4955724918186836,0.3466045864915856,-30.059760738616884
XGB_100_2_0.2,2.5621519088745117,0.5251388621737972,0.36314575664988397,-30.8476704339396
XGB_100_2_0.5,2.567136287689209,0.49848716721909114,0.3819864594234035,-23.37085394707547
XGB_100_2_0.7,2.5102901458740234,0.49557233982202414,0.7006647121938284,41.38495147761061
XGB_100_3_0.01,3.464736223220825,6.604879696125008,1.7405616087520743,-73.64733819795025
XGB_100_3_0.05,3.530561685562134,0.4956116997073549,0.34542091349466325,-30.30412443882483
XGB_100_3_0.1,3.5365471839904785,0.47186289421787364,0.35802190441181597,-24.125861813048978
XGB_100_3_0.2,3.6442573070526123,0.477681709945101,0.3740000407816138,-21.70517878430035
XGB_100_3_0.5,3.5325558185577393,0.457977347463209,0.5563679171342674,21.483719711478184
XGB_100_3_0.7,3.533554792404175,0.45061958694245213,0.7168261444268567,59.075673849570435
XGB_100_4_0.01,4.4899961948394775,6.566147498058884,1.475591253068314,-77.52729049256759
XGB_100_4_0.05,4.54684591293335,0.4838233512868461,0.3191663064447858,-34.03247164571838
XGB_100_4_0.1,4.80515456199646,0.45742155472914936,0.37806734696092886,-17.34815662878154
XGB_100_4_0.2,4.519916296005249,0.44938790489968283,0.5002310360078558,11.313862824039001
XGB_100_4_0.5,4.667521953582764,0.4270004803205459,0.43058670465296395,0.8398642384959178
XGB_100_4_0.7,4.620647430419922,0.41747117825175983,0.5476800153618056,31.18989858301597
XGB_100_5_0.01,5.670842409133911,6.558786211936197,1.4396355325684458,-78.0502750654003
XGB_100_5_0.05,5.962060928344727,0.46962336957055334,0.3126472221790182,-33.42596590435477
XGB_100_5_0.1,5.764589548110962,0.4417553653437401,0.3145733288861299,-28.790150937645528
XGB_100_5_0.2,5.669842958450317,0.4263175682545048,0.36221816045821115,-15.035600821880115
XGB_100_5_0.5,5.7496302127838135,0.38948184063854163,0.4125391324112249,5.919991477621055
XGB_100_5_0.7,5.635932683944702,0.37920858934693047,0.5258212881410158,38.6628106305768
XGB_150_1_0.01,2.3756496906280518,5.181657679905614,4.812005170922084,-7.133865874950344
XGB_150_1_0.05,2.320795774459839,0.7175638868460473,1.577615364596859,119.85712959037679
XGB_150_1_0.1,2.3158082962036133,0.543281713928435,0.4038808496747527,-25.659038520859408
XGB_150_1_0.2,2.4414737224578857,0.6601306231544196,0.4060757931929708,-38.48553923274358
XGB_150_1_0.5,2.3936007022857666,0.7831792731061316,0.5927524740621871,-24.31458614688581
XGB_150_1_0.7,2.376647472381592,0.696217011870975,0.7308997851520143,4.981603823186501
XGB_150_2_0.01,3.6921300888061523,4.217977180769864,2.3762225446168346,-43.664404932054964
XGB_150_2_0.05,3.680161952972412,0.4867587779184599,0.3668571079970674,-24.632667218479625
XGB_150_2_0.1,3.708087205886841,0.49111902375576855,0.3337816287078046,-32.0365099777131
XGB_150_2_0.2,3.7569565773010254,0.5088403303069987,0.36268067602165077,-28.724070318318798
XGB_150_2_0.5,3.6851487159729004,0.48382358635937156,0.3697068270007975,-23.586439887577352
XGB_150_2_0.7,3.7619423866271973,0.4757116813096942,0.7549767198502798,58.70468384794204
XGB_150_3_0.01,5.074434518814087,4.03832648870292,1.2787401955747606,-68.33489815268794
XGB_150_3_0.05,5.102361440658569,0.47258796541041886,0.3307223784249085,-30.01887423483314
XGB_150_3_0.1,5.28886079788208,0.4669014120680971,0.3707301939207918,-20.597756970004365
XGB_150_3_0.2,5.188129663467407,0.46775964835557393,0.3757479340727322,-19.670725041442168
XGB_150_3_0.5,5.217054128646851,0.44178984352603173,0.5690662500458114,28.8092649446071
XGB_150_3_0.7,5.163197040557861,0.43385709825998353,0.7604392703512551,75.27413367236676
XGB_150_4_0.01,6.658200740814209,3.9972413949216303,0.9255499951738242,-76.84528143960216
XGB_150_4_0.05,6.725022077560425,0.460996873371932,0.34505289558285396,-25.15070806034177
XGB_150_4_0.1,6.675155162811279,0.45136499565398863,0.3979289707479887,-11.838761406071324
XGB_150_4_0.2,6.92149806022644,0.4381121652752009,0.507086768632303,15.74359463718053
XGB_150_4_0.5,6.634263515472412,0.40540689084075116,0.44990595397719974,10.976395355334096
XGB_150_4_0.7,6.708068132400513,0.39047132636396636,0.5668294639839672,45.16545152296631
XGB_150_5_0.01,8.301806926727295,3.9899351913126178,0.8850290155379302,-77.81846137589089
XGB_150_5_0.05,8.560115575790405,0.44603267721497947,0.31330033278444946,-29.758435023036547
XGB_150_5_0.1,8.454399347305298,0.43434834699736663,0.32029547698060007,-26.258387030872722
XGB_150_5_0.2,8.421486854553223,0.4085345484224035,0.3731752576577792,-8.6551531323771
XGB_150_5_0.5,8.509252309799194,0.3588739718269949,0.4285264949837231,19.40863050115714
XGB_150_5_0.7,8.511247634887695,0.33881284834546643,0.5338796547282052,57.57361544443003
XGB_200_1_0.01,3.0518412590026855,3.7423916842301326,5.070680936090922,35.49305802110447
XGB_200_1_0.05,3.0538365840911865,0.568357689651088,0.8418179321556918,48.114109738267054
XGB_200_1_0.1,3.0468556880950928,0.5356747185356752,0.35958245482948514,-32.87298384877249
XGB_200_1_0.2,3.139605760574341,0.647207986142974,0.4011853298935997,-38.01292034660181
XGB_200_1_0.5,3.066802501678467,0.7233486487544011,0.5910004976455125,-18.29659201503876
XGB_200_1_0.7,3.110684633255005,0.6347248265272584,0.6153434381494457,-3.053510366666008
XGB_200_2_0.01,4.8071489334106445,2.673100535522021,2.169356171855923,-18.84494641978453
XGB_200_2_0.05,5.031548976898193,0.4801593348024046,0.34403345647927114,-28.350147223348692
XGB_200_2_0.1,4.907879590988159,0.488473192594403,0.3280313908451051,-32.84556945636085
XGB_200_2_0.2,4.865991830825806,0.4957567423169705,0.3585254361520721,-27.681177975216965
XGB_200_2_0.5,4.754291296005249,0.47012642262609056,0.3722332075753419,-20.82274263674111
XGB_200_2_0.7,4.862001419067383,0.46451188800075727,0.7390076884015883,59.09338544213609
XGB_200_3_0.01,6.761923313140869,2.4913544175795077,0.950686610725912,-61.840571376851386
XGB_200_3_0.05,6.726019382476807,0.4676027242483095,0.33793958026148735,-27.72933887313445
XGB_200_3_0.1,6.69310736656189,0.4629011073253402,0.3887797294757785,-16.01235699733746
XGB_200_3_0.2,6.971364498138428,0.4597790561501306,0.3824280873570487,-16.823508543595917
XGB_200_3_0.5,6.828744649887085,0.4280463885046509,0.5659684383213504,32.22128571123335
XGB_200_3_0.7,6.756936550140381,0.4201284710522575,0.762074676160165,81.39086700110231
XGB_200_4_0.01,8.838373184204102,2.4528877516162577,0.6114450146361752,-75.07244209469913
XGB_200_4_0.05,9.07174801826477,0.45608177834455155,0.3688170788420201,-19.13356412073242
XGB_200_4_0.1,9.016895532608032,0.4448977236841167,0.4028350906729792,-9.454450039174066
XGB_200_4_0.2,8.92314600944519,0.42870591945497516,0.516701071448943,20.52576090058152
XGB_200_4_0.5,9.292160272598267,0.38492734164379316,0.4460942359806075,15.890503926171446
XGB_200_4_0.7,8.86829137802124,0.3664763562339758,0.5679600074840077,54.97862217375771
XGB_200_5_0.01,11.111295938491821,2.4461495651032035,0.5714240810560698,-76.6398551745154
XGB_200_5_0.05,13.503901958465576,0.44079194502387875,0.31979330174390463,-27.45028457210563
XGB_200_5_0.1,12.583360195159912,0.4266057548125177,0.32289022004477347,-24.31179926612208
XGB_200_5_0.2,11.06641697883606,0.39353761645097574,0.37434314366794924,-4.8774175531496144
XGB_200_5_0.5,11.264885187149048,0.33051950531887403,0.4473705339664391,35.35374668276572
XGB_200_5_0.7,11.199062585830688,0.3099368423695384,0.5450351190653515,75.85360775390005
XGB_250_1_0.01,3.6622090339660645,2.8396905344037093,4.982716220559744,75.46687430171106
XGB_250_1_0.05,3.7090842723846436,0.5181294543349573,0.5254278449855245,1.408603697300913
XGB_250_1_0.1,3.7788984775543213,0.5331051299866343,0.3431356817994491,-35.63451887847112
XGB_250_1_0.2,3.699110746383667,0.6364808959697291,0.3938419698937422,-38.12194955298812
XGB_250_1_0.5,3.7469851970672607,0.6810021719223484,0.5743004653233698,-15.66833572612237
XGB_250_1_0.7,3.8586835861206055,0.5967404429282185,0.5978860897259427,0.1919841048651749
XGB_250_2_0.01,5.8593363761901855,1.7407291492674999,1.8423403966674021,5.8372807419615125
XGB_250_2_0.05,5.987991809844971,0.4771682416378534,0.3290565422342879,-31.039722781042666
XGB_250_2_0.1,6.017913103103638,0.4862111464997923,0.32671110939527503,-32.80468542376072
XGB_250_2_0.2,6.016914367675781,0.4839203440223551,0.36615586060815164,-24.33550993854543
XGB_250_2_0.5,6.035864591598511,0.4620252076183043,0.3746523280801684,-18.91084687533278
XGB_250_2_0.7,5.9391233921051025,0.45589218964770284,0.7179654475942522,57.48579683917598
XGB_250_3_0.01,8.279865980148315,1.5686678616732885,0.7180109459142501,-54.227981368321515
XGB_250_3_0.05,8.405528783798218,0.4651821189119984,0.35007319527808906,-24.74491579838331
XGB_250_3_0.1,8.58405351638794,0.4592339841418191,0.4090211342360685,-10.934044874658934
XGB_250_3_0.2,9.293156147003174,0.4518607317469491,0.38365677254255515,-15.094022209168088
XGB_250_3_0.5,8.552138090133667,0.41697223672704414,0.5658306295089115,35.699833147239524
XGB_250_3_0.7,8.431459426879883,0.40572794114535976,0.7405736751581583,82.52962146692127
XGB_250_4_0.01,10.83004903793335,1.5359666714342415,0.4431752723206722,-71.14681714370484
XGB_250_4_0.05,11.058438301086426,0.45271822918850085,0.369824637477067,-18.31019525324194
XGB_250_4_0.1,11.026522874832153,0.43930122861893706,0.39331555411395547,-10.467913929935973
XGB_250_4_0.2,10.927785873413086,0.4193168376461786,0.5043666524983526,20.28294769406311
XGB_250_4_0.5,11.039488554000854,0.36786675722122036,0.45206812762430565,22.889094692633492
XGB_250_4_0.7,11.062426805496216,0.34477181716606703,0.5752740797842867,66.85646887059598
XGB_250_5_0.01,13.750242710113525,1.529219453250106,0.410115310674399,-73.18139592046347
XGB_250_5_0.05,13.855958700180054,0.436791419969365,0.3225630856683449,-26.151689130943016
XGB_250_5_0.1,13.736279487609863,0.41739459183568295,0.325823398743151,-21.938758882765075
XGB_250_5_0.2,13.87590503692627,0.37755687686003464,0.3757548124830222,-0.4772961340286917
XGB_250_5_0.5,14.652830123901367,0.30824957899218147,0.4572140669120386,48.325933941871014
XGB_250_5_0.7,13.953697919845581,0.2811222871999291,0.5586012353336645,98.70400205459246
XGB_300_1_0.01,4.164865493774414,2.2513417345273967,4.710886656901942,109.24796021208458
XGB_300_1_0.05,4.078097581863403,0.5019770123101855,0.4066704349790225,-18.98624339241066
XGB_300_1_0.1,4.086077690124512,0.5316355411174035,0.34295568871201587,-35.490451223184984
XGB_300_1_0.2,4.062140703201294,0.6273738705472891,0.39159589395415056,-37.58173358215538
XGB_300_1_0.5,4.1748387813568115,0.6491530263026003,0.5682113830321464,-12.468807814310843
XGB_300_1_0.7,4.139932870864868,0.5708139498415887,0.5188031532540696,-9.111689825021465
XGB_300_2_0.01,6.631272554397583,1.1855029699382134,1.4875474632018972,25.478172634137387
XGB_300_2_0.05,6.740980625152588,0.47527495571833134,0.3271087838783037,-31.174832601075945
XGB_300_2_0.1,6.703080654144287,0.48395459516230566,0.3282843902686122,-32.166283045930314
XGB_300_2_0.2,6.757933616638184,0.4783635945924235,0.36885610080970904,-22.892104462091705
XGB_300_2_0.5,6.732004165649414,0.4566730741266262,0.3862893512718631,-15.412277807131487
XGB_300_2_0.7,6.784861087799072,0.4485676929917259,0.715835793914372,59.582556902415185
XGB_300_3_0.01,9.428794860839844,1.0329706142736739,0.5596334196686016,-45.822909970957504
XGB_300_3_0.05,9.538501024246216,0.463229823664715,0.3477778174949154,-24.923267085101067
XGB_300_3_0.1,9.502597332000732,0.45604703478311975,0.4226827473975309,-7.3159750729342505
XGB_300_3_0.2,9.571411371231079,0.4457987128431588,0.3844030003975566,-13.772070370961902
XGB_300_3_0.5,9.666159868240356,0.406831050385584,0.550772014497745,35.38101724923344
XGB_300_3_0.7,9.53750467300415,0.3954322693112586,0.7534197534291723,90.53067033235197
XGB_300_4_0.01,12.447722911834717,1.0075506972344532,0.3655479911248323,-63.719146626745804
XGB_300_4_0.05,12.796790599822998,0.4500780209570785,0.38512436919201787,-14.431642679848814
XGB_300_4_0.1,12.541473150253296,0.4333125524338558,0.39961372499047365,-7.7770254413587985
XGB_300_4_0.2,12.569398403167725,0.4107800222169962,0.5051524373619135,22.973954438092093
XGB_300_4_0.5,12.635222673416138,0.35239968727828636,0.46513875696534707,31.991818879802764
XGB_300_4_0.7,12.517536878585815,0.326457363166713,0.5726667338345864,75.41853805335705
XGB_300_5_0.01,15.696041345596313,0.9995706714764147,0.34067148577153744,-65.9182191421894
XGB_300_5_0.05,18.1375150680542,0.43308942243620585,0.3252129295071316,-24.908595624951904
XGB_300_5_0.1,16.74822497367859,0.409770097313877,0.32765738684203527,-20.038726839783227
XGB_300_5_0.2,18.570356130599976,0.3672127450228888,0.37988623778207126,3.451267128103763
XGB_300_5_0.5,16.964648962020874,0.28460853014642623,0.4657951886845053,63.661710506309014
XGB_300_5_0.7,17.607929229736328,0.2570706148446908,0.5640041555592361,119.39658715951616
XGB_350_1_0.01,6.03631591796875,1.8482611784241523,4.363368265098113,136.07963614852142
XGB_350_1_0.05,6.341834545135498,0.49575903680652134,0.37248445246586176,-24.86582698214529
XGB_350_1_0.1,5.497042894363403,0.5303887399887279,0.34008385029023963,-35.88026580325456
XGB_350_1_0.2,5.417253732681274,0.6195558391861755,0.3889176542026635,-37.226375799551725
XGB_350_1_0.5,6.324894428253174,0.6243875793506276,0.5492531876744017,-12.033293768330052
XGB_350_1_0.7,9.062725067138672,0.5534223373410446,0.5082514072361596,-8.162108223154103
XGB_350_2_0.01,8.04820704460144,0.8625091278715771,1.1641154765561126,34.96848194856936
XGB_350_2_0.05,8.147022247314453,0.4739156296197963,0.32615451472855744,-31.178780706131537
XGB_350_2_0.1,8.199900150299072,0.481154836368241,0.32903838224590154,-31.61486544965758
XGB_350_2_0.2,8.381922245025635,0.4730294006245411,0.3633623359987558,-23.183984860347323
XGB_350_2_0.5,8.163004159927368,0.45047075126739533,0.39174182414465136,-13.03723426160537
XGB_350_2_0.7,8.244283199310303,0.4430329081500522,0.6875374140416544,55.18879103418434
XGB_350_3_0.01,11.2468740940094,0.7394962614287687,0.4562753578908256,-38.299166379926874
XGB_350_3_0.05,11.513172388076782,0.4610670322129066,0.351410851662556,-23.78313192857276
XGB_350_3_0.1,11.630860567092896,0.4525226633692334,0.4178889275087129,-7.653480955551894
XGB_350_3_0.2,11.493716955184937,0.43946247063710847,0.38600297023896696,-12.164747611016448
XGB_350_3_0.5,11.548060894012451,0.3975805281844146,0.5572232871773779,40.153565800112396
XGB_350_3_0.7,12.447247743606567,0.38468035916527943,0.7477555086548308,94.38359428523738
XGB_350_4_0.01,16.418764114379883,0.720635294447219,0.33564830823530484,-53.42327654201671
XGB_350_4_0.05,15.915105104446411,0.44717592981872023,0.3921449476736152,-12.306338171514275
XGB_350_4_0.1,15.114185571670532,0.42812960903521263,0.3962933325634201,-7.436130508127058
XGB_350_4_0.2,15.0418860912323,0.4021728762072393,0.5043898427623049,25.416176127798664
XGB_350_4_0.5,15.856235027313232,0.33617909945934504,0.4681166938400053,39.246221610102154
XGB_350_4_0.7,15.095725059509277,0.3110116038640309,0.5831422572989895,87.49855312598868
XGB_350_5_0.01,19.907093286514282,0.7106091161473875,0.3165282882131551,-55.45676504556635
XGB_350_5_0.05,23.037042379379272,0.4295847430335385,0.3268281288387294,-23.919986885285326
XGB_350_5_0.1,22.223846435546875,0.40188215188407567,0.32921157372875576,-18.08255923151372
XGB_350_5_0.2,18.873277187347412,0.354935613986036,0.38459188956239143,8.355395854280816
XGB_350_5_0.5,18.996934175491333,0.2645827976345028,0.4664468125942422,76.29521524622938
XGB_350_5_0.7,18.91114854812622,0.23517567483959542,0.5635017849391759,139.60887337668723
XGB_400_1_0.01,5.598750352859497,1.5578736674760887,3.9325382715121284,152.429857029629
XGB_400_1_0.05,5.566832542419434,0.4926894490146301,0.3550157829046473,-27.943294987405878
XGB_400_1_0.1,5.619192361831665,0.5292690453332373,0.34011311621468404,-35.73908785832303
XGB_400_1_0.2,5.566838979721069,0.6127737581330963,0.3842924224090249,-37.28640998272719
XGB_400_1_0.5,5.605332612991333,0.6047601091411668,0.5391168030775845,-10.854437167954725
XGB_400_1_0.7,5.527946710586548,0.5409783451217635,0.48957739939818384,-9.501479345168665
XGB_400_2_0.01,9.197761297225952,0.6815292912870002,0.9075568028425061,33.16475380371038
XGB_400_2_0.05,9.56629490852356,0.4725837023950562,0.3271712417668291,-30.769673158696783
XGB_400_2_0.1,9.209072828292847,0.47896473222599206,0.3325847595401595,-30.56174345145009
XGB_400_2_0.2,9.911909341812134,0.4695071631146963,0.35527409658707626,-24.33042038587896
XGB_400_2_0.5,9.682982683181763,0.4459358594636983,0.3908173238163823,-12.36019361923572
XGB_400_2_0.7,9.370810270309448,0.43797956189591974,0.6535238800723769,49.21332795608362
XGB_400_3_0.01,12.976322650909424,0.5930701354896128,0.3991459051615852,-32.69836377242841
XGB_400_3_0.05,12.979809761047363,0.4592221130139608,0.3580247568457776,-22.03669059053058
XGB_400_3_0.1,13.231140613555908,0.44950832471929214,0.42959275088983084,-4.430523915635629
XGB_400_3_0.2,12.968831539154053,0.4340845979484374,0.3912004856195842,-9.879206157401415
XGB_400_3_0.5,12.979800462722778,0.3884630891689147,0.5216486345153292,34.28525104697956
XGB_400_3_0.7,19.84708595275879,0.37587256738364416,0.7566661103458335,101.30921381488383
XGB_400_4_0.01,26.79400610923767,0.5785504029038525,0.32336745881212114,-44.10729692882772
XGB_400_4_0.05,25.725186586380005,0.4448104560618893,0.3923972835369492,-11.78325999549964
XGB_400_4_0.1,24.786882400512695,0.4227430275318119,0.40205106214463676,-4.894691110101884
XGB_400_4_0.2,24.427266120910645,0.39314181445240004,0.5209842756214903,32.51815412897752
XGB_400_4_0.5,24.88314986228943,0.3231728903444076,0.4750983439902332,47.01058108058432
XGB_400_4_0.7,22.768706798553467,0.2964238254017189,0.5922452711566258,99.79678433540367
XGB_400_5_0.01,31.02486753463745,0.5664481097994908,0.3101682076535779,-45.24331491487012
XGB_400_5_0.05,30.34940242767334,0.4255880736604682,0.32704380375490016,-23.15484761074064
XGB_400_5_0.1,30.41561794281006,0.3946187720594813,0.33290170190759094,-15.639669098810051
XGB_400_5_0.2,31.490072011947632,0.34344533556673673,0.3875875172740556,12.85275330191269
XGB_400_5_0.5,31.5694420337677,0.2468669693989154,0.4675730856856722,89.40285402463665
XGB_400_5_0.7,32.904606342315674,0.21469294346058101,0.5627688504620462,162.12731605935346
XGB_450_1_0.01,8.43595004081726,1.3397606699036166,3.499827671021869,161.22782595742635
XGB_450_1_0.05,8.649986982345581,0.49086758398746083,0.34623077432176175,-29.465545166126475
XGB_450_1_0.1,9.047022104263306,0.5282325704557297,0.33930801611041833,-35.76541184923863
XGB_450_1_0.2,9.360934257507324,0.6068378530345562,0.38387684499741964,-36.74144698162725
XGB_450_1_0.5,8.352003574371338,0.5891010309344502,0.5300619896580749,-10.021887278439442
XGB_450_1_0.7,8.725121259689331,0.5316669149326955,0.4712863043978465,-11.356849342880894
XGB_450_2_0.01,15.301860332489014,0.5846421504273367,0.7113024941732468,21.6645932308044
XGB_450_2_0.05,14.39106011390686,0.4714795414349255,0.32616563579047364,-30.82082951090431
XGB_450_2_0.1,15.776144981384277,0.47661312424361696,0.3348049316451388,-29.753312568454167
XGB_450_2_0.2,13.930816173553467,0.4660874814680088,0.3650283219930938,-21.682444496602827
XGB_450_2_0.5,15.284991025924683,0.44038252203677786,0.3922995249076924,-10.918461728839889
XGB_450_2_0.7,15.234909296035767,0.4327923594475656,0.6490610230012511,49.97053640913161
XGB_450_3_0.01,20.847288370132446,0.5268682556458835,0.36382194247063054,-30.946315597506587
XGB_450_3_0.05,19.500298500061035,0.4571976356122895,0.3646325857622531,-20.24617859759296
XGB_450_3_0.1,19.691832304000854,0.4461958476263741,0.4437348715087312,-0.5515461720978673
XGB_450_3_0.2,20.99079132080078,0.4292429340277249,0.3920248744217866,-8.670628368115294
XGB_450_3_0.5,21.893070220947266,0.38038864176173365,0.5236868449552212,37.67152524055809
XGB_450_3_0.7,20.12899112701416,0.3664532534536391,0.7668789180848928,109.27059887105425
XGB_450_4_0.01,29.808063745498657,0.5143699587381613,0.31991889785026045,-37.803735926748715
XGB_450_4_0.05,27.214921951293945,0.4423525352485139,0.3962340645298771,-10.425727681819989
XGB_450_4_0.1,32.81215453147888,0.4184760089015475,0.3981129924785607,-4.865993746317132
XGB_450_4_0.2,26.779645442962646,0.3855181596859784,0.5149628459854709,33.5768064479585
XGB_450_4_0.5,27.839309692382812,0.31107147422279047,0.4857844314742742,56.16489190723856
XGB_450_4_0.7,28.281030654907227,0.2850965332404838,0.5960764840637767,109.07882578879905
XGB_450_5_0.01,34.02408766746521,0.5010541117550226,0.3105035887995769,-38.02992900068454
XGB_450_5_0.05,35.33714056015015,0.42170854820862314,0.3270941092479077,-22.43597844118369
XGB_450_5_0.1,34.232115745544434,0.3866464697536916,0.3370451044401915,-12.828609387044983
XGB_450_5_0.2,34.346047163009644,0.3327691808882302,0.39013511870577045,17.23895754541289
XGB_450_5_0.5,35.50896406173706,0.231213756800383,0.47094057631407515,103.68190147122554
XGB_450_5_0.7,34.203707456588745,0.19671987089509146,0.5743383436607398,191.95746268409664
XGB_500_1_0.01,10.118450403213501,1.1714086831637653,3.100347873849096,164.66833637220537
XGB_500_1_0.05,10.112956762313843,0.4897095660319883,0.3388967658317332,-30.796376191353353
XGB_500_1_0.1,9.528968572616577,0.5272747973054565,0.3399159296815538,-35.533438840878915
XGB_500_1_0.2,10.41566777229309,0.60165453725299,0.3810931974415513,-36.65913346527208
XGB_500_1_0.5,10.384001016616821,0.5763507309570869,0.5033898091134362,-12.659118471575788
XGB_500_1_0.7,9.703033208847046,0.5246729066124047,0.4310066935119164,-17.852306059646228
XGB_500_2_0.01,17.04093909263611,0.5348160766279287,0.5712854956166505,6.81905809912546
XGB_500_2_0.05,16.384540557861328,0.47060323607164384,0.328744306425575,-30.144061658018956
XGB_500_2_0.1,18.2315092086792,0.47473390656597625,0.33847839767584886,-28.70144874962523
XGB_500_2_0.2,14.949901342391968,0.46325985444866924,0.3695930818634395,-20.219056688325313
XGB_500_2_0.5,17.376079320907593,0.4365661969766354,0.39184084881973785,-10.244803300538454
XGB_500_2_0.7,16.076146602630615,0.42806023492342055,0.6585848410500494,53.85331019310156
XGB_500_3_0.01,22.1390643119812,0.49816927751415063,0.34750890310527116,-30.242807256334654
XGB_500_3_0.05,23.007776498794556,0.45588907434068837,0.37332694384754445,-18.110135807168916
XGB_500_3_0.1,23.18721842765808,0.4436041046222167,0.44114695325374,-0.5539063644528955
XGB_500_3_0.2,24.829822540283203,0.42386111320673125,0.3938127885960859,-7.089191170030678
XGB_500_3_0.5,23.48827052116394,0.37332062730540727,0.5334948624038487,42.90527321101001
XGB_500_3_0.7,23.19998073577881,0.35672783692966126,0.7569622325923069,112.19600889783179
XGB_500_4_0.01,30.183043718338013,0.48677165852757937,0.3193930642351942,-34.385443638745016
XGB_500_4_0.05,29.6167151927948,0.43970005659695083,0.3958435220074537,-9.974193528407485
XGB_500_4_0.1,30.418159008026123,0.41389433624444716,0.3969318965476523,-4.098253639010121
XGB_500_4_0.2,31.27798581123352,0.37892232049457697,0.5157852560092809,36.1189954015028
XGB_500_4_0.5,30.95301842689514,0.2992044473377004,0.4950302518648607,65.44882814062565
XGB_500_4_0.7,30.144032955169678,0.27271449829237077,0.6043432470700132,121.60290371585273
XGB_500_5_0.01,39.68809247016907,0.4727684306637174,0.31188459055547507,-34.03015719183666
XGB_500_5_0.05,39.07499718666077,0.4175972028126124,0.32852163227555703,-21.33049980629925
XGB_500_5_0.1,31.566981077194214,0.38029669198770283,0.33749279096652834,-11.255396621372288
XGB_500_5_0.2,30.468252658843994,0.3211352754378429,0.3933850266421866,22.498229478476564
XGB_500_5_0.5,27.134013891220093,0.2176712244583622,0.47645092866394606,118.88558299311867
XGB_500_5_0.7,26.990712642669678,0.18172493670986192,0.5755519499527084,216.71599967131763
